fold,training_accuracy,validation_accuracy,training_error,validation_error,train_validation_gap
1,0.9145632380780673,0.9023708645091499,0.08543676192193272,0.09762913549085006,0.012192373568917336
2,0.9176845758586496,0.898133958352114,0.0823154241413504,0.10186604164788604,0.01955061750653564
3,0.9153069503290363,0.9007031461281889,0.0846930496709637,0.09929685387181109,0.014603804200847392
4,0.91747047687731,0.8981790318218696,0.08252952312269002,0.10182096817813036,0.019291445055440337
5,0.9177859911655999,0.8993509420355179,0.08221400883440011,0.10064905796448209,0.018435049130081982
